{"network": "unknown", "variables": ["HISTORY", "CVP", "PCWP", "HYPOVOLEMIA", "LVEDVOLUME", "LVFAILURE", "STROKEVOLUME", "ERRLOWOUTPUT", "HRBP", "HREKG", "ERRCAUTER", "HRSAT", "INSUFFANESTH", "ANAPHYLAXIS", "TPR", "EXPCO2", "KINKEDTUBE", "MINVOL", "FIO2", "PVSAT", "SAO2", "PAP", "PULMEMBOLUS", "SHUNT", "INTUBATION", "PRESS", "DISCONNECT", "MINVOLSET", "VENTMACH", "VENTTUBE", "VENTLUNG", "VENTALV", "ARTCO2", "CATECHOL", "HR", "CO", "BP"], "cpts": {"HISTORY": [[0.9, 0.01], [0.1, 0.99]], "CVP": [[0.95, 0.04, 0.01], [0.04, 0.95, 0.29], [0.01, 0.01, 0.7]], "PCWP": [[0.95, 0.04, 0.01], [0.04, 0.95, 0.04], [0.01, 0.01, 0.95]], "HYPOVOLEMIA": [[0.2], [0.8]], "LVEDVOLUME": [[0.95, 0.01, 0.98, 0.05], [0.04, 0.09, 0.01, 0.9], [0.01, 0.9, 0.01, 0.05]], "LVFAILURE": [[0.05], [0.95]], "STROKEVOLUME": [[0.98, 0.5, 0.95, 0.05], [0.01, 0.49, 0.04, 0.9], [0.01, 0.01, 0.01, 0.05]], "ERRLOWOUTPUT": [[0.05], [0.95]], "HRBP": [[0.98, 0.3, 0.01, 0.4, 0.98, 0.01], [0.01, 0.4, 0.98, 0.59, 0.01, 0.01], [0.01, 0.3, 0.01, 0.01, 0.01, 0.98]], "HREKG": [[0.3333333, 0.3333333, 0.01, 0.3333333, 0.98, 0.01], [0.3333333, 0.3333333, 0.98, 0.3333333, 0.01, 0.01], [0.3333333, 0.3333333, 0.01, 0.3333333, 0.01, 0.98]], "ERRCAUTER": [[0.1], [0.9]], "HRSAT": [[0.3333333, 0.3333333, 0.01, 0.3333333, 0.98, 0.01], [0.3333333, 0.3333333, 0.98, 0.3333333, 0.01, 0.01], [0.3333333, 0.3333333, 0.01, 0.3333333, 0.01, 0.98]], "INSUFFANESTH": [[0.1], [0.9]], "ANAPHYLAXIS": [[0.01], [0.99]], "TPR": [[0.98, 0.3], [0.01, 0.4], [0.01, 0.3]], "EXPCO2": [[0.97, 0.01, 0.01, 0.01, 0.01, 0.97, 0.01, 0.01, 0.01, 0.01, 0.97, 0.01], [0.01, 0.97, 0.01, 0.01, 0.97, 0.01, 0.01, 0.01, 0.97, 0.01, 0.01, 0.01], [0.01, 0.01, 0.97, 0.01, 0.01, 0.01, 0.97, 0.01, 0.01, 0.97, 0.01, 0.01], [0.01, 0.01, 0.01, 0.97, 0.01, 0.01, 0.01, 0.97, 0.01, 0.01, 0.01, 0.97]], "KINKEDTUBE": [[0.04], [0.96]], "MINVOL": [[0.97, 0.01, 0.5, 0.01, 0.01, 0.97, 0.5, 0.01, 0.01, 0.6, 0.97, 0.01], [0.01, 0.01, 0.48, 0.97, 0.97, 0.01, 0.48, 0.01, 0.01, 0.38, 0.01, 0.01], [0.01, 0.01, 0.01, 0.01, 0.01, 0.01, 0.01, 0.97, 0.97, 0.01, 0.01, 0.01], [0.01, 0.97, 0.01, 0.01, 0.01, 0.01, 0.01, 0.01, 0.01, 0.01, 0.01, 0.97]], "FIO2": [[0.05], [0.95]], "PVSAT": [[1.0, 0.95, 1.0, 0.01, 0.99, 0.95, 0.95, 0.01], [0.0, 0.04, 0.0, 0.95, 0.01, 0.04, 0.04, 0.01], [0.0, 0.01, 0.0, 0.04, 0.0, 0.01, 0.01, 0.98]], "SAO2": [[0.98, 0.98, 0.01, 0.98, 0.01, 0.69], [0.01, 0.01, 0.98, 0.01, 0.01, 0.3], [0.01, 0.01, 0.01, 0.01, 0.98, 0.01]], "PAP": [[0.01, 0.05], [0.19, 0.9], [0.8, 0.05]], "PULMEMBOLUS": [[0.01], [0.99]], "SHUNT": [[0.1, 0.95, 0.1, 0.95, 0.01, 0.05], [0.9, 0.05, 0.9, 0.05, 0.99, 0.95]], "INTUBATION": [[0.92], [0.03], [0.05]], "PRESS": [[0.97, 0.05, 0.97, 0.2, 0.01, 0.01, 0.01, 0.01, 0.01, 0.01, 0.01, 0.2, 0.97, 0.01, 0.97, 0.01, 0.01, 0.97, 0.01, 0.97, 0.1, 0.01, 0.4, 0.01], [0.01, 0.25, 0.01, 0.75, 0.01, 0.29, 0.01, 0.9, 0.3, 0.15, 0.97, 0.7, 0.01, 0.01, 0.01, 0.01, 0.01, 0.01, 0.01, 0.01, 0.84, 0.01, 0.58, 0.01], [0.01, 0.25, 0.01, 0.04, 0.01, 0.3, 0.01, 0.08, 0.49, 0.25, 0.01, 0.09, 0.01, 0.08, 0.01, 0.38, 0.08, 0.01, 0.97, 0.01, 0.05, 0.01, 0.01, 0.01], [0.01, 0.45, 0.01, 0.01, 0.97, 0.4, 0.97, 0.01, 0.2, 0.59, 0.01, 0.01, 0.01, 0.9, 0.01, 0.6, 0.9, 0.01, 0.01, 0.01, 0.01, 0.97, 0.01, 0.97]], "DISCONNECT": [[0.1], [0.9]], "MINVOLSET": [[0.05], [0.9], [0.05]], "VENTMACH": [[0.05, 0.05, 0.05], [0.93, 0.01, 0.01], [0.01, 0.93, 0.01], [0.01, 0.01, 0.93]], "VENTTUBE": [[0.97, 0.97, 0.97, 0.01, 0.97, 0.97, 0.01, 0.01], [0.01, 0.01, 0.01, 0.01, 0.01, 0.01, 0.97, 0.01], [0.01, 0.01, 0.01, 0.97, 0.01, 0.01, 0.01, 0.01], [0.01, 0.01, 0.01, 0.01, 0.01, 0.01, 0.01, 0.97]], "VENTLUNG": [[0.97, 0.97, 0.97, 0.97, 0.3, 0.95, 0.01, 0.01, 0.95, 0.97, 0.01, 0.97, 0.97, 0.5, 0.97, 0.01, 0.4, 0.97, 0.01, 0.97, 0.97, 0.3, 0.97, 0.01], [0.01, 0.01, 0.01, 0.01, 0.68, 0.03, 0.01, 0.97, 0.03, 0.01, 0.97, 0.01, 0.01, 0.48, 0.01, 0.01, 0.58, 0.01, 0.01, 0.01, 0.01, 0.68, 0.01, 0.01], [0.01, 0.01, 0.01, 0.01, 0.01, 0.01, 0.01, 0.01, 0.01, 0.01, 0.01, 0.01, 0.01, 0.01, 0.01, 0.97, 0.01, 0.01, 0.97, 0.01, 0.01, 0.01, 0.01, 0.01], [0.01, 0.01, 0.01, 0.01, 0.01, 0.01, 0.97, 0.01, 0.01, 0.01, 0.01, 0.01, 0.01, 0.01, 0.01, 0.01, 0.01, 0.01, 0.01, 0.01, 0.01, 0.01, 0.01, 0.97]], "VENTALV": [[0.97, 0.01, 0.01, 0.03, 0.01, 0.97, 0.01, 0.01, 0.01, 0.01, 0.97, 0.01], [0.01, 0.01, 0.01, 0.95, 0.97, 0.01, 0.01, 0.94, 0.01, 0.97, 0.01, 0.88], [0.01, 0.01, 0.97, 0.01, 0.01, 0.01, 0.01, 0.04, 0.97, 0.01, 0.01, 0.1], [0.01, 0.97, 0.01, 0.01, 0.01, 0.01, 0.97, 0.01, 0.01, 0.01, 0.01, 0.01]], "ARTCO2": [[0.01, 0.01, 0.04, 0.9], [0.01, 0.01, 0.92, 0.09], [0.98, 0.98, 0.04, 0.01]], "CATECHOL": [[0.01, 0.01, 0.7, 0.01, 0.05, 0.7, 0.01, 0.05, 0.95, 0.01, 0.05, 0.7, 0.01, 0.05, 0.95, 0.05, 0.05, 0.95, 0.01, 0.01, 0.7, 0.01, 0.05, 0.7, 0.01, 0.05, 0.99, 0.01, 0.05, 0.7, 0.01, 0.05, 0.99, 0.05, 0.05, 0.99, 0.01, 0.01, 0.1, 0.01, 0.01, 0.1, 0.01, 0.01, 0.3, 0.01, 0.01, 0.1, 0.01, 0.01, 0.3, 0.01, 0.01, 0.3], [0.99, 0.99, 0.3, 0.99, 0.95, 0.3, 0.99, 0.95, 0.05, 0.99, 0.95, 0.3, 0.99, 0.95, 0.05, 0.95, 0.95, 0.05, 0.99, 0.99, 0.3, 0.99, 0.95, 0.3, 0.99, 0.95, 0.01, 0.99, 0.95, 0.3, 0.99, 0.95, 0.01, 0.95, 0.95, 0.01, 0.99, 0.99, 0.9, 0.99, 0.99, 0.9, 0.99, 0.99, 0.7, 0.99, 0.99, 0.9, 0.99, 0.99, 0.7, 0.99, 0.99, 0.7]], "HR": [[0.05, 0.01], [0.9, 0.09], [0.05, 0.9]], "CO": [[0.98, 0.95, 0.3, 0.95, 0.04, 0.01, 0.8, 0.01, 0.01], [0.01, 0.04, 0.69, 0.04, 0.95, 0.3, 0.19, 0.04, 0.01], [0.01, 0.01, 0.01, 0.01, 0.01, 0.69, 0.01, 0.95, 0.98]], "BP": [[0.98, 0.98, 0.3, 0.98, 0.1, 0.05, 0.9, 0.05, 0.01], [0.01, 0.01, 0.6, 0.01, 0.85, 0.4, 0.09, 0.2, 0.09], [0.01, 0.01, 0.1, 0.01, 0.05, 0.55, 0.01, 0.75, 0.9]]}, "states": {"HISTORY": ["TRUE", "FALSE"], "CVP": ["LOW", "NORMAL", "HIGH"], "PCWP": ["LOW", "NORMAL", "HIGH"], "HYPOVOLEMIA": ["TRUE", "FALSE"], "LVEDVOLUME": ["LOW", "NORMAL", "HIGH"], "LVFAILURE": ["TRUE", "FALSE"], "STROKEVOLUME": ["LOW", "NORMAL", "HIGH"], "ERRLOWOUTPUT": ["TRUE", "FALSE"], "HRBP": ["LOW", "NORMAL", "HIGH"], "HREKG": ["LOW", "NORMAL", "HIGH"], "ERRCAUTER": ["TRUE", "FALSE"], "HRSAT": ["LOW", "NORMAL", "HIGH"], "INSUFFANESTH": ["TRUE", "FALSE"], "ANAPHYLAXIS": ["TRUE", "FALSE"], "TPR": ["LOW", "NORMAL", "HIGH"], "EXPCO2": ["ZERO", "LOW", "NORMAL", "HIGH"], "KINKEDTUBE": ["TRUE", "FALSE"], "MINVOL": ["ZERO", "LOW", "NORMAL", "HIGH"], "FIO2": ["LOW", "NORMAL"], "PVSAT": ["LOW", "NORMAL", "HIGH"], "SAO2": ["LOW", "NORMAL", "HIGH"], "PAP": ["LOW", "NORMAL", "HIGH"], "PULMEMBOLUS": ["TRUE", "FALSE"], "SHUNT": ["NORMAL", "HIGH"], "INTUBATION": ["NORMAL", "ESOPHAGEAL", "ONESIDED"], "PRESS": ["ZERO", "LOW", "NORMAL", "HIGH"], "DISCONNECT": ["TRUE", "FALSE"], "MINVOLSET": ["LOW", "NORMAL", "HIGH"], "VENTMACH": ["ZERO", "LOW", "NORMAL", "HIGH"], "VENTTUBE": ["ZERO", "LOW", "NORMAL", "HIGH"], "VENTLUNG": ["ZERO", "LOW", "NORMAL", "HIGH"], "VENTALV": ["ZERO", "LOW", "NORMAL", "HIGH"], "ARTCO2": ["LOW", "NORMAL", "HIGH"], "CATECHOL": ["NORMAL", "HIGH"], "HR": ["LOW", "NORMAL", "HIGH"], "CO": ["LOW", "NORMAL", "HIGH"], "BP": ["LOW", "NORMAL", "HIGH"]}, "parents": {"HISTORY": ["LVFAILURE"], "CVP": ["LVEDVOLUME"], "PCWP": ["LVEDVOLUME"], "HYPOVOLEMIA": [], "LVEDVOLUME": ["HYPOVOLEMIA", "LVFAILURE"], "LVFAILURE": [], "STROKEVOLUME": ["HYPOVOLEMIA", "LVFAILURE"], "ERRLOWOUTPUT": [], "HRBP": ["ERRLOWOUTPUT", "HR"], "HREKG": ["ERRCAUTER", "HR"], "ERRCAUTER": [], "HRSAT": ["ERRCAUTER", "HR"], "INSUFFANESTH": [], "ANAPHYLAXIS": [], "TPR": ["ANAPHYLAXIS"], "EXPCO2": ["ARTCO2", "VENTLUNG"], "KINKEDTUBE": [], "MINVOL": ["INTUBATION", "VENTLUNG"], "FIO2": [], "PVSAT": ["FIO2", "VENTALV"], "SAO2": ["PVSAT", "SHUNT"], "PAP": ["PULMEMBOLUS"], "PULMEMBOLUS": [], "SHUNT": ["INTUBATION", "PULMEMBOLUS"], "INTUBATION": [], "PRESS": ["INTUBATION", "KINKEDTUBE", "VENTTUBE"], "DISCONNECT": [], "MINVOLSET": [], "VENTMACH": ["MINVOLSET"], "VENTTUBE": ["DISCONNECT", "VENTMACH"], "VENTLUNG": ["INTUBATION", "KINKEDTUBE", "VENTTUBE"], "VENTALV": ["INTUBATION", "VENTLUNG"], "ARTCO2": ["VENTALV"],