{"network": "unknown", "variables": ["GoodStudent", "Age", "SocioEcon", "RiskAversion", "VehicleYear", "ThisCarDam", "RuggedAuto", "Accident", "MakeModel", "DrivQuality", "Mileage", "Antilock", "DrivingSkill", "SeniorTrain", "ThisCarCost", "Theft", "CarValue", "HomeBase", "AntiTheft", "PropCost", "OtherCarCost", "OtherCar", "MedCost", "Cushioning", "Airbag", "ILiCost", "DrivHist"], "cpts": {"GoodStudent": [[0.1, 0.0, 0.0, 0.2, 0.0, 0.0, 0.5, 0.0, 0.0, 0.4, 0.0, 0.0], [0.9, 1.0, 1.0, 0.8, 1.0, 1.0, 0.5, 1.0, 1.0, 0.6, 1.0, 1.0]], "Age": [[0.2], [0.6], [0.2]], "SocioEcon": [[0.4, 0.4, 0.5], [0.4, 0.4, 0.2], [0.19, 0.19, 0.29], [0.01, 0.01, 0.01]], "RiskAversion": [[0.02, 0.02, 0.02, 0.02, 0.015, 0.015, 0.015, 0.015, 0.01, 0.01, 0.01, 0.01], [0.58, 0.38, 0.48, 0.58, 0.285, 0.185, 0.285, 0.285, 0.09, 0.04, 0.09, 0.09], [0.3, 0.5, 0.4, 0.3, 0.5, 0.6, 0.5, 0.4, 0.4, 0.35, 0.4, 0.4], [0.1, 0.1, 0.1, 0.1, 0.2, 0.2, 0.2, 0.3, 0.5, 0.6, 0.5, 0.5]], "VehicleYear": [[0.15, 0.15, 0.15, 0.15, 0.3, 0.3, 0.3, 0.3, 0.8, 0.8, 0.8, 0.8, 0.9, 0.9, 0.9, 0.9], [0.85, 0.85, 0.85, 0.85, 0.7, 0.7, 0.7, 0.7, 0.2, 0.2, 0.2, 0.2, 0.1, 0.1, 0.1, 0.1]], "ThisCarDam": [[1.0, 1.0, 1.0, 0.001, 0.2, 0.7, 1e-06, 0.001, 0.05, 1e-06, 1e-06, 0.05], [0.0, 0.0, 0.0, 0.9, 0.75, 0.29, 0.000999, 0.099, 0.6, 9e-06, 0.000999, 0.2], [0.0, 0.0, 0.0, 0.098, 0.049999, 0.009999, 0.7, 0.8, 0.3, 9e-05, 0.009, 0.2], [0.0, 0.0, 0.0, 0.001, 1e-06, 1e-06, 0.299, 0.1, 0.05, 0.9999, 0.99, 0.55]], "RuggedAuto": [[0.95, 0.95, 0.5, 0.9, 0.2, 0.05, 0.1, 0.1, 0.05, 0.05], [0.04, 0.04, 0.5, 0.1, 0.6, 0.55, 0.6, 0.6, 0.55, 0.55], [0.01, 0.01, 0.0, 0.0, 0.2, 0.4, 0.3, 0.3, 0.4, 0.4]], "Accident": [[0.7, 0.99, 0.999, 0.4, 0.98, 0.995, 0.3, 0.97, 0.99, 0.2, 0.95, 0.985, 0.6, 0.98, 0.995, 0.3, 0.96, 0.99, 0.2, 0.95, 0.98, 0.1, 0.94, 0.98], [0.2, 0.007, 0.0007, 0.3, 0.01, 0.003, 0.3, 0.02, 0.007, 0.2, 0.03, 0.01, 0.2, 0.01, 0.003, 0.2, 0.02, 0.007, 0.2, 0.03, 0.01, 0.1, 0.03, 0.01], [0.07, 0.002, 0.0002, 0.2, 0.005, 0.001, 0.2, 0.007, 0.002, 0.3, 0.01, 0.003, 0.1, 0.005, 0.001, 0.2, 0.015, 0.002, 0.2, 0.015, 0.005, 0.3, 0.02, 0.007], [0.03, 0.001, 0.0001, 0.1, 0.005, 0.001, 0.2, 0.003, 0.001, 0.3, 0.01, 0.002, 0.1, 0.005, 0.001, 0.3, 0.005, 0.001, 0.4, 0.005, 0.005, 0.5, 0.01, 0.003]], "MakeModel": [[0.1, 0.1, 0.1, 0.1, 0.15, 0.15, 0.15, 0.15, 0.2, 0.2, 0.2, 0.2, 0.3, 0.3, 0.3, 0.3], [0.7, 0.7, 0.7, 0.7, 0.2, 0.2, 0.2, 0.2, 0.05, 0.05, 0.05, 0.05, 0.01, 0.01, 0.01, 0.01], [0.2, 0.2, 0.2, 0.2, 0.65, 0.65, 0.65, 0.65, 0.3, 0.3, 0.3, 0.3, 0.09, 0.09, 0.09, 0.09], [0.0, 0.0, 0.0, 0.0, 0.0, 0.0, 0.0, 0.0, 0.45, 0.45, 0.45, 0.45, 0.4, 0.4, 0.4, 0.4], [0.0, 0.0, 0.0, 0.0, 0.0, 0.0, 0.0, 0.0, 0.0, 0.0, 0.0, 0.0, 0.2, 0.2, 0.2, 0.2]], "DrivQuality": [[1.0, 1.0, 1.0, 1.0, 0.5, 0.3, 0.0, 0.0, 0.3, 0.01, 0.0, 0.0], [0.0, 0.0, 0.0, 0.0, 0.2, 0.4, 1.0, 0.8, 0.2, 0.01, 0.0, 0.0], [0.0, 0.0, 0.0, 0.0, 0.3, 0.3, 0.0, 0.2, 0.5, 0.98, 1.0, 1.0]], "Mileage": [[0.1], [0.4], [0.4], [0.1]], "Antilock": [[0.9, 0.1, 0.001, 0.0, 0.4, 0.0, 0.99, 0.3, 0.99, 0.15], [0.1, 0.9, 0.999, 1.0, 0.6, 1.0, 0.01, 0.7, 0.01, 0.85]], "DrivingSkill": [[0.5, 0.5, 0.3, 0.3, 0.1, 0.4], [0.45, 0.45, 0.6, 0.6, 0.6, 0.5], [0.05, 0.05, 0.1, 0.1, 0.3, 0.1]], "SeniorTrain": [[0.0, 0.0, 0.0, 0.0, 0.0, 0.0, 0.0, 0.0, 1e-06, 1e-06, 0.3, 0.9], [1.0, 1.0, 1.0, 1.0, 1.0, 1.0, 1.0, 1.0, 0.999999, 0.999999, 0.7, 0.1]], "ThisCarCost": [[0.2, 1.0, 0.05, 1.0, 0.04, 1.0, 0.04, 1.0, 0.04, 1.0, 0.15, 0.95, 0.03, 0.95, 0.03, 0.99, 0.03, 0.99, 0.02, 0.98, 0.05, 0.25, 0.01, 0.15, 0.001, 0.01, 0.001, 0.005, 0.001, 0.003, 0.03, 0.05, 1e-06, 0.01, 1e-06, 0.005, 1e-06, 0.001, 1e-06, 1e-06], [0.8, 0.0, 0.95, 0.0, 0.01, 0.0, 0.01, 0.0, 0.01, 0.0, 0.85, 0.05, 0.97, 0.05, 0.02, 0.01, 0.02, 0.01, 0.03, 0.01, 0.95, 0.75, 0.99, 0.85, 0.001, 0.01, 0.001, 0.005, 0.001, 0.003, 0.97, 0.95, 0.999999, 0.99, 1e-06, 0.005, 1e-06, 0.001, 1e-06, 1e-06], [0.0, 0.0, 0.0, 0.0, 0.95, 0.0, 0.95, 0.0, 0.2, 0.0, 0.0, 0.0, 0.0, 0.0, 0.95, 0.0, 0.95, 0.0, 0.25, 0.01, 0.0, 0.0, 0.0, 0.0, 0.998, 0.98, 0.998, 0.99, 0.018, 0.044, 0.0, 0.0, 0.0, 0.0, 0.999998, 0.99, 0.999998, 0.998, 0.009998, 0.029998], [0.0, 0.0, 0.0, 0.0, 0.0, 0.0, 0.0, 0.0, 0.75, 0.0, 0.0, 0.0, 0.0, 0.0, 0.0, 0.0, 0.0, 0.0, 0.7, 0.0, 0.0, 0.0, 0.0, 0.0, 0.0, 0.0, 0.0, 0.0, 0.98, 0.95, 0.0, 0.0, 0.0, 0.0, 0.0, 0.0, 0.0, 0.0, 0.99, 0.97]], "Theft": [[1e-06, 2e-06, 3e-06, 2e-06, 1e-06, 0.0005, 0.002, 0.005, 0.005, 1e-06, 1e-05, 0.0001, 0.0003, 0.0003, 1e-06, 1e-05, 2e-05, 5e-05, 5e-05, 1e-06, 1e-06, 2e-06, 3e-06, 2e-06, 1e-06, 0.001, 0.005, 0.01, 0.01, 1e-06, 1e-05, 0.0002, 0.0005, 0.0005, 1e-06, 1e-05, 0.0001, 0.0002, 0.0002, 1e-06], [0.999999, 0.999998, 0.999997, 0.999998, 0.999999, 0.9995, 0.998, 0.995, 0.995, 0.999999, 0.99999, 0.9999, 0.9997, 0.9997, 0.999999, 0.99999, 0.99998, 0.99995, 0.99995, 0.999999, 0.999999, 0.999998, 0.999997, 0.999998, 0.999999, 0.999, 0.995, 0.99, 0.99, 0.999999, 0.99999, 0.9998, 0.9995, 0.9995, 0.999999, 0.99999, 0.9999, 0.9998, 0.9998, 0.999999]], "CarValue": [[0.0, 0.0, 0.0, 0.0, 0.03, 0.16, 0.4, 0.9, 0.1, 0.1, 0.1, 0.1, 0.25, 0.7, 0.99, 0.999998, 0.0, 0.0, 0.0, 0.0, 0.2, 0.5, 0.7, 0.99, 0.0, 0.0, 0.0, 0.0, 0.01, 0.05, 0.1, 0.2, 0.0, 0.0, 0.0, 0.0, 1e-06, 1e-06, 1e-06, 1e-06], [0.1, 0.1, 0.1, 0.1, 0.3, 0.5, 0.47, 0.06, 0.8, 0.8, 0.8, 0.8, 0.7, 0.2999, 0.009999, 1e-06, 0.1, 0.1, 0.1, 0.1, 0.3, 0.3, 0.2, 0.009999, 0.0, 0.0, 0.0, 0.0, 0.09, 0.15, 0.3, 0.2, 0.0, 0.0, 0.0, 0.0, 1e-06, 1e-06, 1e-06, 1e-06], [0.8, 0.8, 0.8, 0.8, 0.6, 0.3, 0.1, 0.02, 0.1, 0.1, 0.1, 0.1, 0.05, 0.0001, 1e-06, 1e-06, 0.9, 0.9, 0.9, 0.9, 0.5, 0.2, 0.1, 1e-06, 0.0, 0.0, 0.0, 0.0, 0.2, 0.3, 0.3, 0.3, 0.0, 0.0, 0.0, 0.0, 1e-06, 1e-06, 1e-06, 1e-06], [0.09, 0.09, 0.09, 0.09, 0.06, 0.03, 0.02, 0.01, 0.0, 0.0, 0.0, 0.0, 0.0, 0.0, 0.0, 0.0, 0.0, 0.0, 0.0, 0.0, 0.0, 0.0, 0.0, 0.0, 1.0, 1.0, 1.0, 1.0, 0.7, 0.5, 0.3, 0.3, 0.0, 0.0, 0.0, 0.0, 1e-06, 1e-06, 1e-06, 1e-06], [0.01, 0.01, 0.01, 0.01, 0.01, 0.01, 0.01, 0.01, 0.0, 0.0, 0.0, 0.0, 0.0, 0.0, 0.0, 0.0, 0.0, 0.0, 0.0, 0.0, 0.0, 0.0, 0.0, 0.0, 0.0, 0.0, 0.0, 0.0, 0.0, 0.0, 0.0, 0.0, 1.0, 1.0, 1.0, 1.0, 0.999996, 0.999996, 0.999996, 0.999996]], "HomeBase": [[1e-06, 0.15, 0.35, 0.489999, 1e-06, 0.01, 0.2, 0.95, 1e-06, 0.299999, 0.5, 0.85, 1e-06, 0.95, 0.999997, 0.999997], [0.8, 0.8, 0.6, 0.5, 0.8, 0.25, 0.4, 1e-06, 0.8, 1e-06, 1e-06, 1e-06, 0.8, 1e-06, 1e-06, 1e-06], [0.049999, 0.04, 0.04, 1e-06, 0.05, 0.6, 0.3, 1e-06, 0.05, 0.6, 0.4, 0.001, 0.05, 0.024445, 1e-06, 1e-06], [0.15, 0.01, 0.01, 0.01, 0.149999, 0.14, 0.1, 0.049998, 0.149999, 0.1, 0.099999, 0.148999, 0.149999, 0.025554, 1e-06, 1e-06]], "AntiTheft": [[1e-06, 1e-06, 0.05, 0.5, 1e-06, 1e-06, 0.2, 0.5, 0.1, 0.3, 0.9, 0.8, 0.95, 0.999999, 0.999999, 0.999999], [0.999999, 0.999999, 0.95, 0.5, 0.999999, 0.999999, 0.8, 0.5, 0.9, 0.7, 0.1, 0.2, 0.05, 1e-06, 1e-06, 1e-06]], "PropCost": [[0.7, 0.0, 0.0, 0.0, 0.0, 0.0, 0.0, 0.0, 0.0, 0.0, 0.0, 0.0, 0.0, 0.0, 0.0, 0.0], [0.3, 0.95, 0.0, 0.0, 0.95, 0.6, 0.0, 0.0, 0.0, 0.0, 0.0, 0.0, 0.0, 0.0, 0.0, 0.0], [0.0, 0.05, 0.98, 0.0, 0.05, 0.4, 0.95, 0.0, 0.98, 0.8, 0.6, 0.0, 0.0, 0.0, 0.0, 0.0], [0.0, 0.0, 0.02, 1.0, 0.0, 0.0, 0.05, 1.0, 0.02, 0.2, 0.4, 1.0, 1.0, 1.0, 1.0, 1.0]], "OtherCarCost": [[1.0, 1.0, 1.0, 0.99, 0.9799657, 0.95, 0.6, 0.5, 0.4, 0.2, 0.1, 0.005], [0.0, 0.0, 0.0, 0.005, 0.00999965, 0.03, 0.2, 0.2, 0.3, 0.4, 0.5, 0.55], [0.0, 0.0, 0.0, 0.00499, 0.009984651, 0.01998, 0.19998, 0.29997, 0.29996, 0.39996, 0.39994, 0.4449], [0.0, 0.0, 0.0, 1e-05, 4.999825e-05, 2e-05, 2e-05, 3e-05, 4e-05, 4e-05, 6e-05, 0.0001]], "OtherCar": [[0.5, 0.8, 0.9, 0.95], [0.5, 0.2, 0.1, 0.05]],