{"network": "unknown", "variables": ["Akt", "Erk", "Jnk", "Mek", "P38", "PIP2", "PIP3", "PKA", "PKC", "Plcg", "Raf"], "cpts": {"Akt": [[0.6721176592, 0.62038586, 0.9750859107, 0.334950584, 0.821408184, 0.9483619, 7.682262e-05, 0.177105936, 0.1703412073], [0.3277794919, 0.37950262, 0.0240549828, 0.6648697215, 0.1782019687, 0.05154733, 0.1183068, 0.813732581, 0.8293963255], [0.0001028489, 0.00011152, 0.0008591065, 0.0001796945, 0.0003898473, 9.075234e-05, 0.8816163, 0.009161483, 0.0002624672]], "Erk": [[0.85051343, 0.1177122, 0.07405991, 0.3870326, 0.04895789, 0.003663004, 0.008682883, 0.001153403, 0.03333333], [0.13872433, 0.6919357, 0.70044614, 0.4836913, 0.72823961, 0.102564103, 0.187958884, 0.748558247, 0.03333333], [0.01076224, 0.1903521, 0.22549395, 0.1292761, 0.2228025, 0.893772894, 0.803358233, 0.250288351, 0.93333333]], "Jnk": [[0.2899262, 0.5794436587, 0.00456621, 0.5766701, 0.6129037, 0.0446898, 0.996124, 0.8623005877, 0.155367232], [0.2457641, 0.4203206035, 0.99086758, 0.4232872, 0.3870808, 0.93495569, 0.003806755, 0.1368597817, 0.84180791], [0.4643097, 0.0002357379, 0.00456621, 4.271314e-05, 1.543138e-05, 0.02035451, 6.921373e-05, 0.0008396306, 0.002824859]], "Mek": [[0.7451772095, 0.3846008, 0.262181426, 0.7066581578, 0.2692763938, 0.85065617, 0.854385965, 0.01190476, 0.3333333, 0.7576915, 0.343172087, 0.8652899, 0.7148153, 0.27465766, 0.2814957, 0.8256463, 0.1054112554, 0.3333333, 0.9977281, 0.9996370895, 0.9361046959, 0.9689835575, 0.854385965, 0.498470948, 0.725950783, 0.006060606, 0.3333333], [0.2545984747, 0.1231368, 0.001450275, 0.2931291215, 0.7304863582, 0.10656168, 0.143859649, 0.97619048, 0.3333333, 0.2422767, 0.649403298, 0.1010029, 0.2851753, 0.72002723, 0.5851161, 0.1743254, 0.8943722944, 0.3333333, 0.002244485, 0.0001814553, 0.0007698229, 0.0306427504, 0.143859649, 0.498470948, 0.272930649, 0.987878788, 0.3333333], [0.0002243158, 0.4922624, 0.736368299, 0.0002127207, 0.0002372479, 0.04278215, 0.001754386, 0.01190476, 0.3333333, 3.181572e-05, 0.007424615, 0.0337072, 9.338376e-06, 0.00531511, 0.1333882, 2.831337e-05, 0.0002164502, 0.3333333, 2.737176e-05, 0.0001814553, 0.0631254811, 0.0003736921, 0.001754386, 0.003058104, 0.001118568, 0.006060606, 0.3333333]], "P38": [[0.30691159, 0.6558227251, 0.86757991, 0.919186742, 0.8149777, 0.80313955, 0.80737818, 0.3862301, 0.765536723], [0.06458648, 0.343941537, 0.12785388, 0.078464036, 0.1850069, 0.19272946, 0.09163898, 0.1595298, 0.231638418], [0.62850193, 0.0002357379, 0.00456621, 0.002349223, 1.543138e-05, 0.00413099, 0.10098283, 0.4542401, 0.002824859]], "PIP2": [[0.9967915, 0.997890295, 0.2218092, 0.9867112, 0.957165109, 0.07672787, 0.872401162, 0.52180956, 0.02641691], [0.003169817, 0.001054852, 0.4936493, 0.01326991, 0.0424454829, 0.39110315, 0.120070734, 0.46245517, 0.05235351], [3.865631e-05, 0.001054852, 0.2845415, 1.887612e-05, 0.0003894081, 0.53216898, 0.007528104, 0.01573528, 0.92122959]], "PIP3": [[0.218431, 0.07796694, 0.4237055], [0.4473238, 0.21120158, 0.4396535], [0.3342453, 0.71083148, 0.1366411]], "PKA": [[0.3864255, 0.06039638, 0.01577014], [0.3794243, 0.92264651, 0.95873839], [0.2341501, 0.01695712, 0.02549147]], "PKC": [[0.42313152], [0.4816392], [0.09522928]], "Plcg": [[0.81213356], [0.08337962], [0.10448682]], "Raf": [[0.06232176, 0.3694012, 0.86757991, 0.4475056, 0.55082326, 0.8842572, 0.84288483, 0.74895046, 0.84180791], [0.14724878, 0.3312117, 0.12785388, 0.3125747, 0.39291391, 0.1156677, 0.12714563, 0.15952981, 0.155367232], [0.79042946, 0.2993871, 0.00456621, 0.2399197, 0.05626283, 7.510891e-05, 0.02996955, 0.09151973, 0.002824859]]}, "states": {"Akt": ["LOW", "AVG", "HIGH"], "Erk": ["LOW", "AVG", "HIGH"], "Jnk": ["LOW", "AVG", "HIGH"], "Mek": ["LOW", "AVG", "HIGH"], "P38": ["LOW", "AVG", "HIGH"], "PIP2": ["LOW", "AVG", "HIGH"], "PIP3": ["LOW", "AVG", "HIGH"], "PKA": ["LOW", "AVG", "HIGH"], "PKC": ["LOW", "AVG", "HIGH"], "Plcg": ["LOW", "AVG", "HIGH"], "Raf": ["LOW", "AVG", "HIGH"]}, "parents": {"Akt": ["Erk", "PKA"], "Erk": ["Mek", "PKA"], "Jnk": ["PKA", "PKC"], "Mek": ["PKA", "PKC", "Raf"], "P38": ["PKA", "PKC"], "PIP2": ["PIP3", "Plcg"], "PIP3": ["Plcg"], "PKA": ["PKC"], "PKC": [], "Plcg": [], "Raf": ["PKA", "PKC"]}}
